Location,Name,Smiles,IUPAC name,MW,Reaction Scale (mmol),Eq,amount per reaction (mg),Volume to dispense (theory) at 0.8M,Min weight,Exp weight,Volume to dispense (exp) at 0.8M,AM volume per reaction at 0.8M,Volume QC,Volume Screen
C1,AM2,FC1=CC=CC=C1N,2-fluoroaniline,111.1194032,0.07,1,7.778358224,1750,155.5671645,230.9,2597.431157,90,SA00544825,FB00282699
C2,AM3,NC1=CN=CC=C1,pyridin-3-amine,94.117,0.07,1,6.58819,1750,131.7638,176.1,2338.844205,90,SA00544825,FB00282366
C3,AM6,NC1=NC=CC=N1,pyrimidin-2-amine,95.105,0.07,1,6.65735,875,66.5735,103.9,1365.59592,90,SA00544825,FB00282749
C4,AM7,ClC1=CC=CC(N)=C1,3-chloroaniline,127.571,0.07,1,8.92997,875,89.2997,128.8,1262.042314,90,SA00544825,FB00283382
C5,AM8,CC1=CC(N)=NO1,5-methylisoxazol-3-amine,98.105,0.07,1,6.86735,875,68.6735,104.3,1328.933286,90,SA00544825,FB00283282
