Location,Name,Smiles,IUPAC name,MW,Reaction Scale (mmol),Eq,amount per reaction (mg),Volume to dispense (theory) at 0.8M,Min weight,Exp weight,Volume to dispense (exp) at 0.8M,AM volume per reaction at 0.8M,Barcode rack,Barcode vial
A1,AM1,NC1=NOC=C1,isoxazol-3-amine,84.078,0.07,1,5.88546,875,70.62552,111.4,1656.200195,87.5,SA00544825,FB00282876
A2,AM2,FC1=CC=CC=C1N,2-fluoroaniline,111.1194032,0.07,1,7.778358224,875,93.34029869,123,1383.64674,87.5,SA00544825,FB00282418
A3,AM3,NC1=CN=CC=C1,pyridin-3-amine,94.117,0.07,1,6.58819,875,79.05828,94,1248.446083,87.5,SA00544825,FB00282669
A4,AM4,NC1=NN=CC=C1,pyridazin-3-amine,95.105,0.07,1,6.65735,875,79.8882,93.7,1231.533568,87.5,SA00544825,FB00282654
A5,AM5,NC1=NC=CC=C1,pyridin-2-amine,94.117,0.07,1,6.58819,875,79.05828,89.5,1188.680047,87.5,SA00544825,FB00282700
A6,AM6,NC1=NC=CC=N1,pyrimidin-2-amine,95.105,0.07,1,6.65735,875,79.8882,92.3,1213.132853,87.5,SA00544825,FB00282907
B1,AM7,ClC1=CC=CC(N)=C1,3-chloroaniline,127.571,0.07,1,8.92997,875,107.15964,130.8,1281.639244,87.5,SA00544825,FB00283075
B2,AM8,CC1=CC(N)=NO1,5-methylisoxazol-3-amine,98.105,0.07,1,6.86735,875,82.4082,103.8,1322.562561,87.5,SA00544825,FB00282690
