Location,Name,Smiles,IUPAC name,MW,Reaction Scale (mmol),Eq,amount per reaction (mg),Volume to dispense (theory) at 0.8M,Min weight,Exp weight,Volume to dispense (exp) at 0.8M,AM volume per reaction at 0.8M,Barcode rack,Barcode vial
C1,AM1,NC1=NOC=C1,isoxazol-3-amine,84.078,0.07,1,5.88546,875,58.8546,155.3,2308.867956,87.5,SA00544826,FB00282915
C2,AM2,FC1=CC=CC=C1N,2-fluoroaniline,111.1194032,0.07,1,7.778358224,875,77.78358224,174.2,1959.603757,87.5,SA00544826,FB00282678
C3,AM3,NC1=CN=CC=C1,pyridin-3-amine,94.117,0.07,1,6.58819,875,65.8819,115.7,1536.651189,87.5,SA00544826,FB00282920
C4,AM4,NC1=NN=CC=C1,pyridazin-3-amine,95.105,0.07,1,6.65735,875,66.5735,130.3,1712.580832,87.5,SA00544826,FB00283382
C5,AM5,NC1=NC=CC=C1,pyridin-2-amine,94.117,0.07,1,6.58819,875,65.8819,127.6,1694.699151,87.5,SA00544826,FB00283122
C6,AM6,NC1=NC=CC=N1,pyrimidin-2-amine,95.105,0.07,1,6.65735,875,66.5735,131.7,1730.981547,87.5,SA00544826,FB00283364
D1,AM7,ClC1=CC=CC(N)=C1,3-chloroaniline,127.571,0.07,1,8.92997,875,89.2997,212.9,2086.093234,87.5,SA00544826,FB00283271
D2,AM8,CC1=CC(N)=NO1,5-methylisoxazol-3-amine,98.105,0.07,1,6.86735,875,68.6735,161.7,2060.292544,87.5,SA00544826,FB00282912
