Location,Name,Smiles,IUPAC name,MW,Reaction Scale (mmol),Eq,amount per reaction (mg),Volume to dispense (theory) at 0.8M,Min weight,Exp weight,Volume to dispense (exp) at 0.8M,AM volume per reaction at 0.8M,Barcode rack,Barcode vial
A1,AM1,NC1=NOC=C1,isoxazol-3-amine,84.078,0.07,1,5.88546,875,70.62552,183.9,2734.068365,87.5,SA00544826,FB00282750
A2,AM2,FC1=CC=CC=C1N,2-fluoroaniline,111.1194032,0.07,1,7.778358224,875,93.34029869,162.9,1832.488244,87.5,SA00544826,FB00283459
A3,AM3,NC1=CN=CC=C1,pyridin-3-amine,94.117,0.07,1,6.58819,875,79.05828,124.5,1653.526993,87.5,SA00544826,FB00283111
A4,AM4,NC1=NN=CC=C1,pyridazin-3-amine,95.105,0.07,1,6.65735,875,79.8882,124.5,1636.349298,87.5,SA00544826,FB00282737
A5,AM5,NC1=NC=CC=C1,pyridin-2-amine,94.117,0.07,1,6.58819,875,79.05828,123.5,1640.245652,87.5,SA00544826,FB00282900
A6,AM6,NC1=NC=CC=N1,pyrimidin-2-amine,95.105,0.07,1,6.65735,875,79.8882,125.2,1645.549656,87.5,SA00544826,FB00282674
B1,AM7,ClC1=CC=CC(N)=C1,3-chloroaniline,127.571,0.07,1,8.92997,875,107.15964,166.5,1631.444451,87.5,SA00544826,FB00283352
B2,AM8,CC1=CC(N)=NO1,5-methylisoxazol-3-amine,98.105,0.07,1,6.86735,875,82.4082,142.1,1810.560114,87.5,SA00544826,FB00282706
